model_key,model_id,scope,no_defense_targeted_asr,reposhield_targeted_asr,user_utility,secure_utility,utility_retention,secure_utility_lift,tool_filter_user_utility,reposhield_vs_tool_filter_utility_gap,repeated_block_rate,confirmation_execute_rate,confirmation_success_rate
deepseek_v4_flash,deepseek-v4-flash,formal_105,0.2761904761904762,0.0,0.7523809523809524,0.7523809523809524,0.9875,0.1333333333333333,0.047619047619047616,0.7047619047619047,0.1,0.0,0.2857142857142857
qwen_plus,qwen-plus,formal_105,0.5238095238095238,0.0,0.5428571428571428,0.5428571428571428,1.163265306122449,0.2571428571428571,0.047619047619047616,0.4952380952380952,0.0,0.0,0.0
